GreedySNPSize,Time(s),,BaselineSNPSize,Time(s)
5,0,,5,0.000032
7,0,,7,0.000128
9,0.016000032,,9,0.000512
11,0.016000032,,11,0.002048
13,0.015000105,,13,0.008192
15,0,,15,0.032768
17,0,,17,0.131072
19,0,,18,0.262144
21,0,,19,0.524288
23,0.015000105,,20,1.048576
25,0.016000032,,21,2.097152
27,0,,,
29,0.015000105,,,
31,0.016000032,,,
33,0.015999794,,,
35,0.015000105,,,
